Job Title,Company Name,Job Qualifications,URL,Type,Work Hours,Kota,Georeferenced,Longitude,Latitude
Python Machine Learning,Demandlane,"AWS Lambda, Amazon Redshift, Amazon Web Services (AWS), Data Science, Machine Learning, Pandas (Software), PyTorch, Python (Programming Language), Tableau, and TensorFlow",https://www.linkedin.com/jobs/search/?currentJobId=4014358169&distance=25&geoId=102478259&keywords=Data%20Scientist&origin=JOB_SEARCH_PAGE_KEYWORD_HISTORY&refresh=true,Remote,Full-Time,Indonesia,POINT (117.343188 -0.878596),117.343188,-0.878596
Python Machine Learning,Demandlane,"AWS Lambda, Amazon Redshift, Amazon Web Services (AWS), Data Science, Machine Learning, Pandas (Software), PyTorch, Python (Programming Language), Tableau, and TensorFlow",https://www.linkedin.com/jobs/search/?currentJobId=4014358169&distance=25&geoId=102478259&keywords=Data%20Scientist&origin=JOB_SEARCH_PAGE_KEYWORD_HISTORY&refresh=true,Remote,Full-Time,Indonesia,POINT (117.343188 -0.878596),117.343188,-0.878596
Computer Aided Design Engineer,Eterna Indonesia,"3D Modeling, AutoCAD, Computer-Aided Design (CAD), Design Engineering, Revit, SketchUp, Solar PV Design, and Technical Drawing",https://www.linkedin.com/jobs/search/?currentJobId=3901312193&distance=25&geoId=102478259&keywords=Data%20Scientist&origin=JOB_SEARCH_PAGE_KEYWORD_HISTORY&refresh=true,Remote,Full-Time,Indonesia,POINT (117.343188 -0.878596),117.343188,-0.878596
Software Engineer,Videfly,"Amazon Web Services (AWS), Back-End Web Development, C++, JavaScript, Next.js, Node.js, OpenGL, Python (Programming Language), Software Development, and TypeScript",https://www.linkedin.com/jobs/search/?currentJobId=4016413337&distance=25&geoId=102478259&keywords=Data%20Scientist&origin=JOB_SEARCH_PAGE_KEYWORD_HISTORY&refresh=true,Remote,Full-Time,Jakarta,POINT (106.84634081531794 -6.196639809431919),106.84634081531794,-6.196639809431919
Artificial Intelligence Engineer,Crossover,"Angular, Artificial Intelligence (AI), Back-End Web Development, Django, Flask, Front-End Development, Spring Boot, Spring Framework, Svelte, Vue.js",https://www.linkedin.com/jobs/search/?currentJobId=4017080713&distance=25&geoId=102478259&keywords=Data%20Scientist&origin=JOB_SEARCH_PAGE_KEYWORD_HISTORY&refresh=true,Remote,Full-Time,Surabaya,POINT (112.740515 -7.244582),112.740515,-7.244582
Platform Engineer,Shuffle Up,"Amazon Web Services (AWS), Container Orchestration, Containerization, Continuous Integration and Continuous Delivery (CI/CD), DevOps, Grafana, Infrastructure as code (IaC), Kubernetes, Scripting, Skill Development, and Unconscious Bias Awareness Training",https://www.linkedin.com/jobs/search/?currentJobId=3980306195&distance=25&geoId=102478259&keywords=Data%20Scientist&origin=JOB_SEARCH_PAGE_KEYWORD_HISTORY&refresh=true,Remote,Full-Time,Indonesia,POINT (117.343188 -0.878596),117.343188,-0.878596
Sales for AI Solutions,Teleakses Solusindo,"Account Management, Communication, Customer Satisfaction, Customer Service, Direct Sales, Negotiation, Sales, Sales Management, Sales Operations, and Sales Processes",https://www.linkedin.com/jobs/search/?currentJobId=4013806703&distance=25&geoId=102478259&keywords=Data%20Scientist&origin=JOB_SEARCH_PAGE_KEYWORD_HISTORY&refresh=true,Remote,Contract,Indonesia,POINT (117.343188 -0.878596),117.343188,-0.878596
Data Scientist,GoTo Group,"Data Science, Deep Learning, Engineering Documentation, Machine Learning, Pattern Recognition, Prediction, Predictive Analytics, PyTorch, Statistical Data Analysis, Technical Documentation",https://www.linkedin.com/jobs/search/?currentJobId=3992117571&distance=25&geoId=102478259&keywords=Data%20Scientist&origin=JOB_SEARCH_PAGE_KEYWORD_HISTORY&refresh=true,On-Site,Full-Time,Jakarta,POINT (106.84634081531794 -6.196639809431919),106.84634081531794,-6.196639809431919
Data Scientist,Samsung Electronics,"Analytics, Data Science, English, Industrial Automation, Manufacturing Processes, Programming Languages, and Python (Programming Language)",https://www.linkedin.com/jobs/search/?currentJobId=4007781153&distance=25&geoId=102478259&keywords=Data%20Scientist&origin=JOB_SEARCH_PAGE_KEYWORD_HISTORY&refresh=true,On-Site,Contract,Cikarang,POINT (106.95 -6.15),106.95,-6.15
Analys Programmer,PT Usaha Gedung Mandiri,"Computer Engineering, Computer Science, Databases, Git, JavaScript, Programming, Programming Languages, Python (Programming Language), SQL, SQL Database Administration, Software Development, Web Applications, and jQuery",https://www.linkedin.com/jobs/search/?currentJobId=4013459022&distance=25&geoId=102478259&keywords=Data%20Scientist&origin=JOB_SEARCH_PAGE_KEYWORD_HISTORY&refresh=true,On-Site,Full-Time,Jakarta,POINT (106.84634081531794 -6.196639809431919),106.84634081531794,-6.196639809431919
Data Contributor,TransPerfect,"Data Entry, Email, Information Technology, and Spam Filtering",https://www.linkedin.com/jobs/search/?currentJobId=3960228593&distance=25&geoId=102478259&keywords=Data%20Scientist&origin=JOB_SEARCH_PAGE_KEYWORD_HISTORY&refresh=true,Remote,Contract,Surabaya,POINT (112.740515 -7.244582),112.740515,-7.244582
Data Scientist,Bank Maybank Indonesia,C++ and Python (Programming Language),https://www.linkedin.com/jobs/search/?currentJobId=4003664133&distance=25&geoId=102478259&keywords=Data%20Scientist&origin=JOB_SEARCH_PAGE_KEYWORD_HISTORY&refresh=true,On-Site,Full-Time,Jakarta,POINT (106.84634081531794 -6.196639809431919),106.84634081531794,-6.196639809431919
Data Scientist,Traveloka,"Analytics, Communication, Data Management, Data Science, Design of Experiments (DOE), Git, Interpersonal Communication, Natural Language Processing (NLP), Problem Solving, Technical Requirements

",https://www.linkedin.com/jobs/search/?currentJobId=3919849049&distance=25&geoId=102478259&keywords=Data%20Scientist&origin=JOB_SEARCH_PAGE_KEYWORD_HISTORY&refresh=true,On-Site,Full-Time,Jakarta,POINT (106.84634081531794 -6.196639809431919),106.84634081531794,-6.196639809431919
Research And Development Scientist,Hormel Pronas Nusantara,"Cost-Benefit Analysis, Formulation, Meat, Product Evaluations, and Research and Development (R&D)",https://www.linkedin.com/jobs/search/?currentJobId=4017792626&distance=25&geoId=102478259&keywords=Data%20Scientist&origin=JOB_SEARCH_PAGE_KEYWORD_HISTORY&refresh=true,On-Site,Full-Time,Batang,POINT (109.73091568863286 -6.9064986322177955),109.73091568863286,-6.9064986322177955
Data Scientist,GoTo Group,"Analytical Solutions, Communication, Data Science, Machine Learning, Predictive Analytics, Problem Solving, Python (Programming Language), R (Programming Language), Statistics, Technical Documentation",https://www.linkedin.com/jobs/search/?currentJobId=3962932342&distance=25&geoId=102478259&keywords=Data%20Scientist&origin=JOB_SEARCH_PAGE_KEYWORD_HISTORY&refresh=true,On-Site,Internship,Jakarta,POINT (106.84634081531794 -6.196639809431919),106.84634081531794,-6.196639809431919
Data Scientist,Traveloka,"Business Requirements, Communication, Data Management, Data Manipulation, Data Science, Interpersonal Communication, Scikit-Learn, Technical Specs, TensorFlow, XGBoost",https://www.linkedin.com/jobs/search/?currentJobId=3982926334&distance=25&geoId=102478259&keywords=Data%20Scientist&origin=JOB_SEARCH_PAGE_KEYWORD_HISTORY&refresh=true,On-Site,Full-Time,Jakarta,POINT (106.84634081531794 -6.196639809431919),106.84634081531794,-6.196639809431919
Data Science,PT United Tractors Tbk,"Analytics, Artificial Intelligence (AI), Communication, Data Engineering, Data Science, Data Visualization, Natural Language Processing (NLP), Problem Solving, Statistics, Visualization",https://www.linkedin.com/jobs/search/?currentJobId=3977667934&distance=25&geoId=102478259&keywords=Data%20Scientist&origin=JOB_SEARCH_PAGE_KEYWORD_HISTORY&refresh=true,On-Site,Full-Time,Jakarta,POINT (106.84634081531794 -6.196639809431919),106.84634081531794,-6.196639809431919
Data Scientist User Centric Analytics,Grab,"Apache Spark, Artificial Intelligence (AI), Computer Science, Data Science, Mathematics,Prediction, Python (Programming Language), Statistical Analysis, Statistical Modeling, TensorFlow",https://www.linkedin.com/jobs/search/?currentJobId=4014355649&distance=25&geoId=102478259&keywords=Data%20Scientist&origin=JOB_SEARCH_PAGE_KEYWORD_HISTORY&refresh=true,Hybrid,Full-Time,Jakarta,POINT (106.84634081531794 -6.196639809431919),106.84634081531794,-6.196639809431919
Data Analyst,ASTRO,"Attention to Detail, Business Analytics, Critical Thinking, Data Analysis, MySQL, Python (Programming Language), and Statistical Tools",https://www.linkedin.com/jobs/search/?currentJobId=4002197158&distance=25&geoId=102478259&keywords=Data%20Scientist&origin=JOB_SEARCH_PAGE_KEYWORD_HISTORY&refresh=true,On-Site,Full-Time,Jakarta,POINT (106.84634081531794 -6.196639809431919),106.84634081531794,-6.196639809431919
Machine Learning Engineer,Traveloka,"Artificial Intelligence (AI), Business Requirements, Data Science, Interpersonal Communication, MLflow, Machine Learning, Pattern Recognition, Scikit-Learn, Technical SpecsTensorFlow",https://www.linkedin.com/jobs/search/?currentJobId=3909120263&distance=25&geoId=102478259&keywords=Data%20Scientist&origin=JOB_SEARCH_PAGE_KEYWORD_HISTORY&refresh=true,On-Site,Full-Time,Jakarta,POINT (106.84634081531794 -6.196639809431919),106.84634081531794,-6.196639809431919
Artificial Intelligence Engineer,Crossover,"Angular, Artificial Intelligence (AI), Back-End Web Development, Django, Flask, Front-End Development, Spring Boot, Spring Framework, Svelte, Vue.js",https://www.linkedin.com/jobs/search/?currentJobId=4017079765&distance=25&geoId=102478259&keywords=Data%20Scientist&origin=JOB_SEARCH_PAGE_KEYWORD_HISTORY&refresh=true,Remote,Full-Time,Jakarta,POINT (106.84634081531794 -6.196639809431919),106.84634081531794,-6.196639809431919
Data Scientist,Traveloka,"Business Requirements, Data Management, Data Manipulation, Data Science, Interpersonal Communication, Machine Learning, SQL, Scikit-Learn, Technical Requirements, Technical Specs",https://www.linkedin.com/jobs/search/?currentJobId=3987506333&distance=25&geoId=102478259&keywords=Data%20Scientist&origin=JOB_SEARCH_PAGE_KEYWORD_HISTORY&refresh=true&start=25,On-Site,Full-Time,Jakarta,POINT (106.84634081531794 -6.196639809431919),106.84634081531794,-6.196639809431919
Full Stack Engineer,Quant Reports,"Cascading Style Sheets (CSS), Django, Full-Stack Development, HTML, Programming, SASS, Software Development, Vue.js, Web Applications, and Web Development",https://www.linkedin.com/jobs/search/?currentJobId=4014192628&distance=25&geoId=102478259&keywords=Data%20Scientist&origin=JOB_SEARCH_PAGE_KEYWORD_HISTORY&refresh=true&start=25,Hybrid,Full-Time,Denpasar,POINT (115.21671667855678 -8.671656304136919),115.21671667855678,-8.671656304136919
Software Engineer,Match Made,"Computer Science, Programming, Programming Languages, Software Development, and Web Applications",https://www.linkedin.com/jobs/search/?currentJobId=3986196797&distance=25&geoId=102478259&keywords=Data%20Scientist&origin=JOB_SEARCH_PAGE_KEYWORD_HISTORY&refresh=true&start=25,Hybrid,Full-Time,Jakarta,POINT (106.84634081531794 -6.196639809431919),106.84634081531794,-6.196639809431919
Artificial Intelligence & Data  ID,Deloitte,"Analytics, Big Four Accounting Firms, Data Ingestion, ETL Tools, Extract, Transform, Load (ETL), Google Cloud Dataflow, Problem Solving, Project Teams, Service Orientation (Social), Strategy to Execution",https://www.linkedin.com/jobs/search/?currentJobId=3975013615&distance=25&geoId=102478259&keywords=Data%20Scientist&origin=JOB_SEARCH_PAGE_KEYWORD_HISTORY&refresh=true&start=25,On-Site,Full-Time,Jakarta,POINT (106.84634081531794 -6.196639809431919),106.84634081531794,-6.196639809431919
Data Scientist,Shopee,"Business Process, Computer Science, Data Engineering, Data Models, Data Science, Data Visualization, Optimization, Pattern Recognition, Predictive Analytics, Statistical Data Analysis",https://www.linkedin.com/jobs/search/?currentJobId=4000193580&distance=25&geoId=102478259&keywords=Data%20Scientist&origin=JOB_SEARCH_PAGE_KEYWORD_HISTORY&refresh=true&start=25,On-Site,Full-Time,Jakarta,POINT (106.84634081531794 -6.196639809431919),106.84634081531794,-6.196639809431919
Data Scientist,Kredivo Group,"Artificial Intelligence (AI), Data Science, Deep Learning, Econometrics, English, Machine Learning, MySQL, PostgreSQL, Python (Programming Language), and SQL",https://www.linkedin.com/jobs/search/?currentJobId=3967875616&distance=25&geoId=102478259&keywords=Data%20Scientist&origin=JOB_SEARCH_PAGE_KEYWORD_HISTORY&refresh=true&start=25,Hybrid,Full-Time,Jakarta,POINT (106.84634081531794 -6.196639809431919),106.84634081531794,-6.196639809431919
Data Scientist,GoTo Group,"Computer Science,Data Manipulation, Data Science, Machine Learning, Python (Programming Language), SQL, Statistical Analysis, Statistics, Technical Documentation, Visualization",https://www.linkedin.com/jobs/search/?currentJobId=3973608232&distance=25&geoId=102478259&keywords=Data%20Scientist&origin=JOB_SEARCH_PAGE_KEYWORD_HISTORY&refresh=true&start=25,On-Site,Full-Time,Jakarta,POINT (106.84634081531794 -6.196639809431919),106.84634081531794,-6.196639809431919
Artificial Intelligence Engineer,Crossover,"Angular, Artificial Intelligence (AI), Back-End Web Development, Django, Flask, Front-End Development, Spring Boot, Spring Framework, Svelte, Vue.js",https://www.linkedin.com/jobs/search/?currentJobId=4017084003&distance=25&geoId=102478259&keywords=Data%20Scientist&origin=JOB_SEARCH_PAGE_KEYWORD_HISTORY&refresh=true&start=25,Remote,Full-Time,Yogyakarta,POINT (110.36450235280027 -7.800954474217425),110.36450235280027,-7.800954474217425
ECommerce Data Analyst,Rocketindo,"Analytical Skills, Attention to Detail, Communication, Digital Marketing, Keyword Research, Leadership, Marketing, Oral Communication, SQL, and Search Engine Optimization (SEO)",https://www.linkedin.com/jobs/search/?currentJobId=4007626361&distance=25&geoId=102478259&keywords=Data%20Scientist&origin=JOB_SEARCH_PAGE_KEYWORD_HISTORY&refresh=true&start=25,On-Site,Full-Time,Jakarta,POINT (106.84634081531794 -6.196639809431919),106.84634081531794,-6.196639809431919
Data Contributor,TransPerfect,"Data Entry, Email, Information Technology, Spam Filtering",https://www.linkedin.com/jobs/search/?currentJobId=3960231565&distance=25&geoId=102478259&keywords=Data%20Scientist&origin=JOB_SEARCH_PAGE_KEYWORD_HISTORY&refresh=true&start=25,Remote,Contract,Jakarta,POINT (106.84634081531794 -6.196639809431919),106.84634081531794,-6.196639809431919
AI Engineer,Crossover,"Angular, Artificial Intelligence (AI), Back-End Web Development, Django, Flask, Front-End Development, Spring Boot, Spring Framework, Svelte, Vue.js",https://www.linkedin.com/jobs/search/?currentJobId=4017077990&distance=25&geoId=102478259&keywords=Data%20Scientist&origin=JOB_SEARCH_PAGE_KEYWORD_HISTORY&refresh=true&start=25,Remote,Full-Time,Malang,POINT (112.65 -7.98),112.65,-7.98
AI Data Scientist,Samsung Electronics Southeast Asia & Oceania,"Analytical Skills, Analytics, Data Analysis, Data Analytics, Data Engineering, Data Science, Deep Learning, Natural Language Processing (NLP), Predictive Analytics, Resolving Issues",https://www.linkedin.com/jobs/search/?currentJobId=3954053070&distance=25&geoId=102478259&keywords=Data%20Scientist&origin=JOB_SEARCH_PAGE_KEYWORD_HISTORY&refresh=true&start=25,On-Site,Full-Time,Jakarta,POINT (106.84634081531794 -6.196639809431919),106.84634081531794,-6.196639809431919
Data Scientist,DANA Indonesia,"Cluster Analysis, Communication, Data Analytics, Data Science, Natural Language Processing (NLP), Presentations, Problem Solving, R (Programming Language), SQL Server Reporting Services (SSRS), Statistical Software",https://www.linkedin.com/jobs/search/?currentJobId=3996165269&distance=25&geoId=102478259&keywords=Data%20Scientist&origin=JOB_SEARCH_PAGE_KEYWORD_HISTORY&refresh=true&start=25,On-Site,Full-Time,Jakarta,POINT (106.84634081531794 -6.196639809431919),106.84634081531794,-6.196639809431919
Data Analytic,"PT. Erajaya Swasembada, Tbk.","Business Analysis, Business Relationship Management, Communication, Data Analysis, Data Analytics, Data Modeling, Identifying Trends, Market Research, Presentations, Sales Forecasting
",https://www.linkedin.com/jobs/search/?currentJobId=4018222277&distance=25&geoId=102478259&keywords=Data%20Scientist&origin=JOB_SEARCH_PAGE_KEYWORD_HISTORY&refresh=true&start=25,On-Site,Full-Time,Jakarta,POINT (106.84634081531794 -6.196639809431919),106.84634081531794,-6.196639809431919
L1  SOC Analyst,Wolkk.,"Cloud Security, Linux Security, Microsoft Entra ID, Security Incident Response, and Security Information and Event Management (SIEM)",https://www.linkedin.com/jobs/search/?currentJobId=4017687315&distance=25&geoId=102478259&keywords=Data%20Scientist&origin=JOB_SEARCH_PAGE_KEYWORD_HISTORY&refresh=true&start=25,Remote,Contract,Indonesia,POINT (117.343188 -0.878596),117.343188,-0.878596
Associate Data Scientist,tiket.com,"Artificial Intelligence (AI), Communication, Data Analysis, Data Analytics, Data Mining, Data Science, Machine Learning, Pattern Recognition, Predictive Modeling, Problem Solving",https://www.linkedin.com/jobs/search/?currentJobId=3961117983&distance=25&geoId=102478259&keywords=Data%20Scientist&origin=JOB_SEARCH_PAGE_KEYWORD_HISTORY&refresh=true&start=25,Hybrid,Full-Time,Jakarta,POINT (106.84634081531794 -6.196639809431919),106.84634081531794,-6.196639809431919
Sustainability Data Analyst,PT Lion Super Indo,"Data Analysis, Data Analytics, and Environmental, Social, and Governance (ESG)",https://www.linkedin.com/jobs/search/?currentJobId=3996426597&distance=25&geoId=102478259&keywords=Data%20Scientist&origin=JOB_SEARCH_PAGE_KEYWORD_HISTORY&refresh=true&start=25,On-Site,Full-Time,Jakarta,POINT (106.84634081531794 -6.196639809431919),106.84634081531794,-6.196639809431919
Data Scientist,klikit,"Analytics, \Attention to Detail, Communication, Data Analysis, Data Analytics, Data Collection, Data Governance, Data Science, Natural Language Processing (NLP), Problem Solving",https://www.linkedin.com/jobs/search/?currentJobId=4011461166&distance=25&geoId=102478259&keywords=Data%20Scientist&origin=JOB_SEARCH_PAGE_KEYWORD_HISTORY&refresh=true&start=25,Hybrid,Full-Time,Jakarta,POINT (106.84634081531794 -6.196639809431919),106.84634081531794,-6.196639809431919
Data Scientist,EMQ Inc.,"Data Science, Machine Learning, Python (Programming Language), R (Programming Language), SQL, and Statistics",https://www.linkedin.com/jobs/search/?currentJobId=4004155534&distance=25&geoId=102478259&keywords=Data%20Scientist&origin=JOB_SEARCH_PAGE_KEYWORD_HISTORY&refresh=true&start=25,On-Site,Full-Time,Jakarta,POINT (106.84634081531794 -6.196639809431919),106.84634081531794,-6.196639809431919
Data Architect,Agoda,"DWH,Data Analytics, Data Architecture, Data Engineering, Data Governance, Data Models, Data Quality, Databases, Extract, Transform, Load (ETL), Query Writing",https://www.linkedin.com/jobs/search/?currentJobId=3981981267&distance=25&geoId=102478259&keywords=Data%20Scientist&origin=JOB_SEARCH_PAGE_KEYWORD_HISTORY&refresh=true&start=50,Hybrid,Full-Time,Bali,POINT (115.2079136078647 -8.382627730607549),115.2079136078647,-8.382627730607549
Data Architect,Agoda,"DWH, Data Analytics, Data Architecture, Data Engineering, Data Governance, Data Models, Data Quality, Databases, Extract, Transform, Load (ETL), Query Writing",https://www.linkedin.com/jobs/search/?currentJobId=3981981267&distance=25&geoId=102478259&keywords=Data%20Scientist&origin=JOB_SEARCH_PAGE_KEYWORD_HISTORY&refresh=true&start=50,Hybrid,Full-Time,Bali,POINT (115.2079136078647 -8.382627730607549),115.2079136078647,-8.382627730607549
iOS Engineer,Flex AI,"Cascading Style Sheets (CSS), JSON, Mobile Application Development, Model-View-Controller (MVC), Model-view-viewmodel (MVVM), Objective-C, Python (Programming Language), Swift (Programming Language), iOS, and iOS Development",https://www.linkedin.com/jobs/search/?currentJobId=3992822344&distance=25&geoId=102478259&keywords=Data%20Scientist&origin=JOB_SEARCH_PAGE_KEYWORD_HISTORY&refresh=true&start=50,Remote,Full-Time,Indonesia,POINT (117.343188 -0.878596),117.343188,-0.878596
Data Analyst,Shopee,"Communication, Data Science, Data Visualization, Statistics, Bahasa Indonesia, Business Analysis, Dashboards",https://www.linkedin.com/jobs/search/?currentJobId=3611204797&distance=25&geoId=102478259&keywords=Data%20Scientist&origin=JOB_SEARCH_PAGE_KEYWORD_HISTORY&refresh=true&start=50,On-Site,Full-Time,Jakarta,POINT (106.84634081531794 -6.196639809431919),106.84634081531794,-6.196639809431919
Security Engineering   DevSecOps,Traveloka,"Communication, Good Clinical Practice (GCP), Independent Contributor, Project Management, Repositories, Security Assurance, Security Engineering, , Software Development, Technical Understanding, Technology Security",https://www.linkedin.com/jobs/search/?currentJobId=3909115853&distance=25&geoId=102478259&keywords=Data%20Scientist&origin=JOB_SEARCH_PAGE_KEYWORD_HISTORY&refresh=true&start=50,On-Site,Full-Time,Jakarta,POINT (106.84634081531794 -6.196639809431919),106.84634081531794,-6.196639809431919
Data & AI Engineering,Accenture Southeast Asia,"Analytical Skills, Communication, Data Engineering, Data Modeling, Data Governance, Data Lakes, Data Quality",https://www.linkedin.com/jobs/search/?currentJobId=4017515614&distance=25&geoId=102478259&keywords=Data%20Scientist&origin=JOB_SEARCH_PAGE_KEYWORD_HISTORY&refresh=true&start=50,On-Site,Full-Time,Jakarta,POINT (106.84634081531794 -6.196639809431919),106.84634081531794,-6.196639809431919
Data Analyst,Traveloka,"Analytical Skills, Communication, Data Analytics, Data Modeling, Data Visualization, Problem Solving, Statistics, Data Manipulation, Databases, Statistical Inference",https://www.linkedin.com/jobs/search/?currentJobId=3987507231&distance=25&geoId=102478259&keywords=Data%20Scientist&origin=JOB_SEARCH_PAGE_KEYWORD_HISTORY&refresh=true&start=50,On-Site,Full-Time,Jakarta,POINT (106.84634081531794 -6.196639809431919),106.84634081531794,-6.196639809431919
Graduate Analyst Program  Artificial Intelligence & Data  Oct 2024 Intake,Deloitte,"Analytical Skills, Communication, Attention to Detail, Computer Science, Critical Thinking, Geospatial Intelligence, Metadata Management, Presentation Preparation, Presentations, Stressful Situations",https://www.linkedin.com/jobs/search/?currentJobId=3982705348&distance=25&geoId=102478259&keywords=Data%20Scientist&origin=JOB_SEARCH_PAGE_KEYWORD_HISTORY&refresh=true&start=50,On-Site,Full-Time,Jakarta,POINT (106.84634081531794 -6.196639809431919),106.84634081531794,-6.196639809431919
Analyst,Lazada,"Analytical Skills, Communication, Business Insights, Key Account Management, Key Accounts, Market Data, Negotiation, New Business Opportunities, Sales Target Management, Strategic Accounts",https://www.linkedin.com/jobs/search/?currentJobId=4018199570&distance=25&geoId=102478259&keywords=Data%20Scientist&origin=JOB_SEARCH_PAGE_KEYWORD_HISTORY&refresh=true&start=50,On-Site,Full-Time,Muarajawa,POINT (117.25127801657455 -0.8262358101933909),117.25127801657455,-0.8262358101933909
Network Data Analyst,PT XL Axiata Tbk,"Data Analytics, Data Modeling, Data Science, Data Visualization, Critical Thinking, Data Architecture, Data Models, Information Graphics, Presentations, Technical Proficiency",https://www.linkedin.com/jobs/search/?currentJobId=4001436716&distance=25&geoId=102478259&keywords=Data%20Scientist&origin=JOB_SEARCH_PAGE_KEYWORD_HISTORY&refresh=true&start=50,On-Site,Full-Time,Jakarta,POINT (106.84634081531794 -6.196639809431919),106.84634081531794,-6.196639809431919
Data & Analytics,Prudential Indonesia (PT Prudential Life Assurance),Analytics,https://www.linkedin.com/jobs/search/?currentJobId=4017994509&distance=25&geoId=102478259&keywords=Data%20Scientist&origin=JOB_SEARCH_PAGE_KEYWORD_HISTORY&refresh=true&start=50,Hybrid,Full-Time,Jakarta,POINT (106.84634081531794 -6.196639809431919),106.84634081531794,-6.196639809431919
Domain   Cortex,Palo Alto Networks,"Cortex, Customer Experience Management, Customer-Focused Selling, Cyber Threat Hunting (CTH), Embraces Change, High-Level Design, Level Design, Problem Finding, Security Information and Event Management (SIEM), Value Realization",https://www.linkedin.com/jobs/search/?currentJobId=4008206932&distance=25&geoId=102478259&keywords=Data%20Scientist&origin=JOB_SEARCH_PAGE_KEYWORD_HISTORY&refresh=true&start=50,On-Site,Full-Time,Jakarta,POINT (106.84634081531794 -6.196639809431919),106.84634081531794,-6.196639809431919
Data Architect,CIMB Niaga,Databases and Hadoop,https://www.linkedin.com/jobs/search/?currentJobId=3943333431&distance=25&geoId=102478259&keywords=Data%20Scientist&origin=JOB_SEARCH_PAGE_KEYWORD_HISTORY&refresh=true&start=50,On-Site,Full-Time,Tangerang,POINT (106.65 -6.15),106.65,-6.15
Regional Domain   Cortex,Palo Alto Networks,"Customer Experience Management, Cyber Threat Hunting (CTH), EDR, Embraces Change, High-Level Design, Level Design, Problem Finding, Security Incident Response, Security Information and Event Management (SIEM), Value Realization",https://www.linkedin.com/jobs/search/?currentJobId=4008294046&distance=25&geoId=102478259&keywords=Data%20Scientist&origin=JOB_SEARCH_PAGE_KEYWORD_HISTORY&refresh=true&start=50,On-Site,Full-Time,Jakarta,POINT (106.84634081531794 -6.196639809431919),106.84634081531794,-6.196639809431919
Data Contributor,TransPerfect,"Data Entry, Email, Information Technology, and Spam Filtering",https://www.linkedin.com/jobs/search/?currentJobId=3960232487&distance=25&geoId=102478259&keywords=Data%20Scientist&origin=JOB_SEARCH_PAGE_KEYWORD_HISTORY&refresh=true&start=50,Remote,Contract,Bekasi,POINT (106.95 -6.2),106.95,-6.2
Advanced Analysis Engineer Level I,Worley,"Communication, Abaqus, Computational Fluid Dynamics (CFD), Computer Software Training, Computer-Aided Engineering (CAE), Finite Element Analysis (FEA), Mathematical Modeling, Presales, Presentations, Software Sales",https://www.linkedin.com/jobs/search/?currentJobId=3956771659&distance=25&geoId=102478259&keywords=Data%20Scientist&origin=JOB_SEARCH_PAGE_KEYWORD_HISTORY&refresh=true&start=50,Hybrid,Full-Time,Jakarta,POINT (106.84634081531794 -6.196639809431919),106.84634081531794,-6.196639809431919
Database Engineer –,Agoda,"Data Modeling, Database Development, SQL, Data Architecture, Database Design, Databases, PostgreSQL, Query Optimization, Query Writing, Stored Procedures",https://www.linkedin.com/jobs/search/?currentJobId=3945927535&distance=25&geoId=102478259&keywords=Data%20Scientist&origin=JOB_SEARCH_PAGE_KEYWORD_HISTORY&refresh=true&start=50,Hybrid,Full-Time,Bali,POINT (115.2079136078647 -8.382627730607549),115.2079136078647,-8.382627730607549
Software Engineer,PT Salam Pacific Indonesia Lines,"Computer Science, JavaScript, Linux, Mobile Application Development, Mobile Applications, PHP, Programming, Relational Databases, SQL, and Web Applications",https://www.linkedin.com/jobs/search/?currentJobId=4013930965&distance=25&geoId=102478259&keywords=Data%20Scientist&origin=JOB_SEARCH_PAGE_KEYWORD_HISTORY&refresh=true&start=50,On-Site,Full-Time,Surabaya,POINT (112.740515 -7.244582),112.740515,-7.244582
Electrical Engineer – Renewable Energy,WEnergy Global Pte Ltd,"AutoCAD, Control Systems Design, Electrical Design, Electrical Engineering, IEC, IEEE, PVSyst, Power Distribution, Power Generation, and Project Design",https://www.linkedin.com/jobs/search/?currentJobId=4016497335&distance=25&geoId=102478259&keywords=Data%20Scientist&origin=JOB_SEARCH_PAGE_KEYWORD_HISTORY&refresh=true&start=75,On-Site,Full-Time,Jakarta,POINT (106.84634081531794 -6.196639809431919),106.84634081531794,-6.196639809431919
Sales Engineer,AVSystem,"Customer Support, IP Networking, Internet Protocol Suite (TCP/IP), Linux, Networking, Post-Sales, Pre/Post Sales Engineers, Product Demonstration, Python (Programming Language), Sales Engineering, and Technical Support",https://www.linkedin.com/jobs/search/?currentJobId=4005602031&distance=25&geoId=102478259&keywords=Data%20Scientist&origin=JOB_SEARCH_PAGE_KEYWORD_HISTORY&refresh=true&start=75,Hybrid,Contract,Jakarta,POINT (106.84634081531794 -6.196639809431919),106.84634081531794,-6.196639809431919
UX/UI Engineer,Holdex,"Design Engineering, Figma (Software), Front-End Design, Front-end Engineering, JavaScript, Product Design, TypeScript, User Experience Design (UED), User Interface Design, and Web Design",https://www.linkedin.com/jobs/search/?currentJobId=4007646471&distance=25&geoId=102478259&keywords=Data%20Scientist&origin=JOB_SEARCH_PAGE_KEYWORD_HISTORY&refresh=true&start=75,Remote,Full-Time,Indonesia,POINT (117.343188 -0.878596),117.343188,-0.878596
Cloud Engineer,Deep Symbolics,"Amazon Web Services (AWS), Ansible, Cloud Infrastructure, Continuous Integration and Continuous Delivery (CI/CD), Gitlab, IT Security Best Practices, Infrastructure as code (IaC), Jenkins, Python (Programming Language), and Terraform",https://www.linkedin.com/jobs/search/?currentJobId=4007749217&distance=25&geoId=102478259&keywords=Data%20Scientist&origin=JOB_SEARCH_PAGE_KEYWORD_HISTORY&refresh=true&start=75,Hybrid,Full-Time,Jakarta,POINT (106.84634081531794 -6.196639809431919),106.84634081531794,-6.196639809431919
Full Stack Engineer,HealthProtect+,"Automation, Back-end Operations, Cloud Computing, Continuous Integration and Continuous Delivery (CI/CD), Databases, Front-End Development, Full-Stack Development, Java, Scripting, Virtual Machines, and jQuery",https://www.linkedin.com/jobs/search/?currentJobId=3920679631&distance=25&geoId=102478259&keywords=Data%20Scientist&origin=JOB_SEARCH_PAGE_KEYWORD_HISTORY&refresh=true&start=75,On-Site,Full-Time,Jakarta,POINT (106.84634081531794 -6.196639809431919),106.84634081531794,-6.196639809431919
Early Childhood Brain Training Coach,BrainFit Indonesia,"Coaching, Cognitive Behavioral Therapy (CBT), Cognitive Neuroscience, Cognitive Science, Early Childhood Development, Education, Neuroscience, Psychology, Teaching, Working with Children",https://www.linkedin.com/jobs/search/?currentJobId=4018000767&distance=25&geoId=102478259&keywords=Data%20Scientist&origin=JOB_SEARCH_PAGE_KEYWORD_HISTORY&refresh=true&start=75,On-Site,Full-Time,Jakarta,POINT (106.84634081531794 -6.196639809431919),106.84634081531794,-6.196639809431919
Backend Engineer,Cosmart,"Amazon Web Services (AWS), Cloud Services, Computer Science, Continuous Integration and Continuous Delivery (CI/CD), Google Cloud Platform (GCP), MongoDB, NoSQL, RDBMS, SQL, and Skill Development",https://www.linkedin.com/jobs/search/?currentJobId=4006410047&distance=25&geoId=102478259&keywords=Data%20Scientist&origin=JOB_SEARCH_PAGE_KEYWORD_HISTORY&refresh=true&start=75,Hybrid,Full-Time,Jakarta,POINT (106.84634081531794 -6.196639809431919),106.84634081531794,-6.196639809431919
Full Stack Engineer,Clems Grafter Creative,"ASP.NET, C (Programming Language), C#, Cascading Style Sheets (CSS), Communication, Computer Engineering, Computer Science, Databases, HTML, JavaScript, Software Development, and Technical Skillset",https://www.linkedin.com/jobs/search/?currentJobId=4013041812&distance=25&geoId=102478259&keywords=Data%20Scientist&origin=JOB_SEARCH_PAGE_KEYWORD_HISTORY&refresh=true&start=75,Hybrid,Full-Time,Tangerang,POINT (106.65 -6.15),106.65,-6.15
Medical Affairs,Taiho Pharma Asia Pacific Pte. Ltd.,"Business Insights, Clinical Trials, Communication, English, Medical Affairs, Medical Review, Project Management, Strategic Thinking, and Team Leadership",https://www.linkedin.com/jobs/search/?currentJobId=3992286142&distance=25&geoId=102478259&keywords=Data%20Scientist&origin=JOB_SEARCH_PAGE_KEYWORD_HISTORY&refresh=true&start=75,On-Site,Full-Time,Jakarta,POINT (106.84634081531794 -6.196639809431919),106.84634081531794,-6.196639809431919
Sales Engineer,PT. Cistech Alpha Indonesia,Predictive Maintenance and Sales Engineering,https://www.linkedin.com/jobs/search/?currentJobId=4007754464&distance=25&geoId=102478259&keywords=Data%20Scientist&origin=JOB_SEARCH_PAGE_KEYWORD_HISTORY&refresh=true&start=75,On-Site,Full-Time,Jakarta,POINT (106.84634081531794 -6.196639809431919),106.84634081531794,-6.196639809431919
Artificial Intelligence & Data  Financial Services  ID,Deloitte,"Account Planning, Analitik Data, Cloudera, Ilmu Data, Jasa Keuangan, Kecerdasan Buatan (AI), Programming Languages, Project Finance, Scala, Team Problem Solving",https://www.linkedin.com/jobs/search/?currentJobId=4009869119&distance=25&geoId=102478259&keywords=Data%20Scientist&origin=JOB_SEARCH_PAGE_KEYWORD_HISTORY&refresh=true&start=75,On-Site,Full-Time,Jakarta,POINT (106.84634081531794 -6.196639809431919),106.84634081531794,-6.196639809431919
Data Engineer,Grab,,https://www.linkedin.com/jobs/search/?currentJobId=4009840352&distance=25&geoId=102478259&keywords=Data%20Scientist&origin=JOB_SEARCH_PAGE_KEYWORD_HISTORY&refresh=true&start=75,Hybrid,Full-Time,Jakarta,POINT (106.84634081531794 -6.196639809431919),106.84634081531794,-6.196639809431919
Data Science,PT. Mowilex,Data Science and SQL,https://www.linkedin.com/jobs/search/?currentJobId=3998725784&distance=25&geoId=102478259&keywords=Data%20Scientist&origin=JOB_SEARCH_PAGE_KEYWORD_HISTORY&refresh=true&start=75,On-Site,Full-Time,Jakarta,POINT (106.84634081531794 -6.196639809431919),106.84634081531794,-6.196639809431919
CVM Data Science  50091920,PT XL Axiata Tbk,,https://www.linkedin.com/jobs/search/?currentJobId=4015926521&distance=25&geoId=102478259&keywords=Data%20Scientist&origin=JOB_SEARCH_PAGE_KEYWORD_HISTORY&refresh=true&start=75,On-Site,Full-Time,Jakarta,POINT (106.84634081531794 -6.196639809431919),106.84634081531794,-6.196639809431919
Software Engineer,Kredivo Group,"Data Science, Data Structures, Hadoop, Keras, Machine Learning, PostgreSQL, PyTorch, Python (Programming Language), SQL, and TensorFlow",https://www.linkedin.com/jobs/search/?currentJobId=3952661885&distance=25&geoId=102478259&keywords=Data%20Scientist&origin=JOB_SEARCH_PAGE_KEYWORD_HISTORY&refresh=true&start=75,Hybrid,Full-Time,Jakarta,POINT (106.84634081531794 -6.196639809431919),106.84634081531794,-6.196639809431919
Artificial Intelligence Engineer,Crossover,"Angular, Artificial Intelligence (AI), Back-End Web Development, Django, Flask, Front-End Development, Spring Boot, Spring Framework, Svelte, Vue.js",https://www.linkedin.com/jobs/search/?currentJobId=4017074909&distance=25&geoId=102478259&keywords=Data%20Scientist&origin=JOB_SEARCH_PAGE_KEYWORD_HISTORY&refresh=true&start=75,Remote,Full-Time,Bandung,POINT (107.608800 -6.899350),107.6088,-6.89935
Data Scientist,StickEarn,"Algorithms, Data Manipulation, Data Science, Data Visualization, Image Editing, Machine Learning, NumPy, Pandas (Software), Pattern Recognition, Time Series Analysis",https://www.linkedin.com/jobs/search/?currentJobId=4005880938&distance=25&geoId=102478259&keywords=Data%20Scientist&origin=JOB_SEARCH_PAGE_KEYWORD_HISTORY&refresh=true&start=75,On-Site,Full-Time,Jakarta,POINT (106.84634081531794 -6.196639809431919),106.84634081531794,-6.196639809431919
Data Scientist,StickEarn,"Algorithms, Data Manipulation, Data Science, Data Visualization, Image Editing, Machine Learning, NumPy, Pandas (Software), Pattern Recognition, Time Series Analysis",https://www.linkedin.com/jobs/search/?currentJobId=4005880938&distance=25&geoId=102478259&keywords=Data%20Scientist&origin=JOB_SEARCH_PAGE_KEYWORD_HISTORY&refresh=true&start=75,On-Site,Full-Time,Jakarta,POINT (106.84634081531794 -6.196639809431919),106.84634081531794,-6.196639809431919
Spesialis Pengolah Data,PT. RAKHASA ARTHA WISESA,"Asterisk (PBX), Computer Science, Data Analytics, Data Engineering, Data Science, Matplotlib, Natural Language Processing (NLP), Pandas (Software), Predictive Analytics, R (Programming Language)",https://www.linkedin.com/jobs/search/?currentJobId=4002865584&distance=25&geoId=102478259&keywords=Data%20Scientist&origin=JOB_SEARCH_PAGE_KEYWORD_HISTORY&refresh=true&start=75,On-Site,Full-Time,Jakarta,POINT (106.84634081531794 -6.196639809431919),106.84634081531794,-6.196639809431919
Data Scientist,iZeno,,https://www.linkedin.com/jobs/search/?currentJobId=4012115455&distance=25&geoId=102478259&keywords=Data%20Scientist&origin=JOB_SEARCH_PAGE_KEYWORD_HISTORY&refresh=true&start=75,Hybrid,Full-Time,Jakarta,POINT (106.84634081531794 -6.196639809431919),106.84634081531794,-6.196639809431919
/ Staff Data Scientist,Agoda,"Computer Vision, Data Engineering, Data Science, Image Processing, Natural Language Processing (NLP), Pattern Recognition, PySpark, Recommender Systems, Scala, and Statistics",https://www.linkedin.com/jobs/search/?currentJobId=3736670007&distance=25&geoId=102478259&keywords=Data%20Scientist&origin=JOB_SEARCH_PAGE_KEYWORD_HISTORY&refresh=true&start=100,Hybrid,Full-Time,Jakarta,POINT (106.84634081531794 -6.196639809431919),106.84634081531794,-6.196639809431919
[ID] Sales Engineer  BytePlus,ByteDance,"Attitude Change, Demos, Job Skills, Knowledge Acquisition, Presentations, Sales Acumen, Sales Engineering, Server Side, Show Calling, and Strategic Thinking",https://www.linkedin.com/jobs/search/?currentJobId=3358803884&distance=25&geoId=102478259&keywords=Data%20Scientist&origin=JOB_SEARCH_PAGE_KEYWORD_HISTORY&refresh=true&start=100,On-Site,Full-Time,Jakarta,POINT (106.84634081531794 -6.196639809431919),106.84634081531794,-6.196639809431919
Machine Learning Engineer,PT Data Labs Analytics,,https://www.linkedin.com/jobs/search/?currentJobId=4003378605&distance=25&geoId=102478259&keywords=Data%20Scientist&origin=JOB_SEARCH_PAGE_KEYWORD_HISTORY&refresh=true&start=100,On-Site,Full-Time,Jakarta,POINT (106.84634081531794 -6.196639809431919),106.84634081531794,-6.196639809431919
Associate / Security Analyst,Bitdefender,"Cybersecurity, Incident Response, Linux, Managed Detection and Response (MDR), Security Information and Event Management (SIEM), Unix, and Web Application Firewalls",https://www.linkedin.com/jobs/search/?currentJobId=3978066038&distance=25&geoId=102478259&keywords=Data%20Scientist&origin=JOB_SEARCH_PAGE_KEYWORD_HISTORY&refresh=true&start=100,Remote,Full-Time,Jakarta,POINT (106.84634081531794 -6.196639809431919),106.84634081531794,-6.196639809431919
Data Engineer,Nomura Research Institute Indonesia,"Deep Learning, Git, Matplotlib, NoSQL, NumPy, Object-Oriented Programming (OOP), Pandas (Software), Python (Programming Language), SQL, and Seaborn",https://www.linkedin.com/jobs/search/?currentJobId=3999421832&distance=25&geoId=102478259&keywords=Data%20Scientist&origin=JOB_SEARCH_PAGE_KEYWORD_HISTORY&refresh=true&start=100,Remote,Contract,Indonesia,POINT (117.343188 -0.878596),117.343188,-0.878596
Data Engineer & Analytics,Kredivo Group,"Amazon Redshift, Amazon Web Services (AWS), English, Google BigQuery, MySQL, OLAP, PostgreSQL, Python (Programming Language), SQL, and Scala",https://www.linkedin.com/jobs/search/?currentJobId=4012135137&distance=25&geoId=102478259&keywords=Data%20Scientist&origin=JOB_SEARCH_PAGE_KEYWORD_HISTORY&refresh=true&start=100,Hybrid,Full-Time,Jakarta,POINT (106.84634081531794 -6.196639809431919),106.84634081531794,-6.196639809431919
Data Scientist,PT. RAKHASA ARTHA WISESA,,https://www.linkedin.com/jobs/search/?currentJobId=3977766131&distance=25&geoId=102478259&keywords=Data%20Scientist&origin=JOB_SEARCH_PAGE_KEYWORD_HISTORY&refresh=true&start=100,On-Site,Full-Time,Jakarta,POINT (106.84634081531794 -6.196639809431919),106.84634081531794,-6.196639809431919
AI Engineer,Crossover,,https://www.linkedin.com/jobs/search/?currentJobId=4017078962&distance=25&geoId=102478259&keywords=Data%20Scientist&origin=JOB_SEARCH_PAGE_KEYWORD_HISTORY&refresh=true&start=100,Remote,Full-Time,Pekanbaru,POINT (101.45 -0.5),101.45,-0.5
Machine Learning Engineer,Devoteam G Cloud,,https://www.linkedin.com/jobs/search/?currentJobId=3962767832&distance=25&geoId=102478259&keywords=Data%20Scientist&origin=JOB_SEARCH_PAGE_KEYWORD_HISTORY&refresh=true&start=100,On-Site,Full-Time,Jakarta,POINT (106.84634081531794 -6.196639809431919),106.84634081531794,-6.196639809431919
Data,RED Comm Indonesia,"Business Insights, Data Analytics, Data Science, Data Visualization, Quality Processes, Statistical Analysis, Team Management, and Visualization",https://www.linkedin.com/jobs/search/?currentJobId=4002199284&distance=25&geoId=102478259&keywords=Data%20Scientist&origin=JOB_SEARCH_PAGE_KEYWORD_HISTORY&refresh=true&start=100,Hybrid,Full-Time,Jakarta,POINT (106.84634081531794 -6.196639809431919),106.84634081531794,-6.196639809431919
Data Engineer,Paper.id,,https://www.linkedin.com/jobs/search/?currentJobId=4011346468&distance=25&geoId=102478259&keywords=Data%20Scientist&origin=JOB_SEARCH_PAGE_KEYWORD_HISTORY&refresh=true&start=100,On-Site,Full-Time,Jakarta,POINT (106.84634081531794 -6.196639809431919),106.84634081531794,-6.196639809431919
Data Engineering,M&C Saatchi Group,,https://www.linkedin.com/jobs/search/?currentJobId=3972015021&distance=25&geoId=102478259&keywords=Data%20Scientist&origin=JOB_SEARCH_PAGE_KEYWORD_HISTORY&refresh=true&start=100,Hybrid,Full-Time,Jakarta,POINT (106.84634081531794 -6.196639809431919),106.84634081531794,-6.196639809431919
Analytics Engineer,Insight Timer,,https://www.linkedin.com/jobs/search/?currentJobId=4007332960&distance=25&geoId=102478259&keywords=Data%20Scientist&origin=JOB_SEARCH_PAGE_KEYWORD_HISTORY&refresh=true&start=100,Remote,Full-Time,Indonesia,POINT (117.343188 -0.878596),117.343188,-0.878596
Data Analyst,Prudential Syariah,"Analytical Skills, Analytics, Data Analytics, and English",https://www.linkedin.com/jobs/search/?currentJobId=4003947176&distance=25&geoId=102478259&keywords=Data%20Scientist&origin=JOB_SEARCH_PAGE_KEYWORD_HISTORY&refresh=true&start=100,Hybrid,Full-Time,Jakarta,POINT (106.84634081531794 -6.196639809431919),106.84634081531794,-6.196639809431919
Python Data Scientist  LLM Project,YO HR Consultancy,,https://www.linkedin.com/jobs/search/?currentJobId=3968308636&distance=25&geoId=102478259&keywords=Data%20Scientist&origin=JOB_SEARCH_PAGE_KEYWORD_HISTORY&refresh=true&start=100,Remote,Contract,Indonesia,POINT (117.343188 -0.878596),117.343188,-0.878596
/ Staff Data Scientist,Agoda,"Computer Vision, Data Engineering, Data Science, Image Processing, Natural Language Processing (NLP), Pattern Recognition, PySpark, Recommender Systems, Scala, and Statistics",https://www.linkedin.com/jobs/search/?currentJobId=3751172775&distance=25&geoId=102478259&keywords=Data%20Scientist&origin=JOB_SEARCH_PAGE_KEYWORD_HISTORY&refresh=true&start=125,Hybrid,Full-Time,Bali,POINT (115.2079136078647 -8.382627730607549),115.2079136078647,-8.382627730607549
Data Scientist,Populix,,https://www.linkedin.com/jobs/search/?currentJobId=3976644604&distance=25&geoId=102478259&keywords=Data%20Scientist&origin=JOB_SEARCH_PAGE_KEYWORD_HISTORY&refresh=true&start=125,Remote,Contract,Jakarta,POINT (106.84634081531794 -6.196639809431919),106.84634081531794,-6.196639809431919
Chief Engineer,Waruna Shipping Group,"Marine Engineering, Oil and Gas, STCW, Seamanship, Tanker Operations, and Tanker Ships",https://www.linkedin.com/jobs/search/?currentJobId=4012118239&distance=25&geoId=102478259&keywords=Data%20Scientist&origin=JOB_SEARCH_PAGE_KEYWORD_HISTORY&refresh=true&start=125,On-Site,Full-Time,Jakarta,POINT (106.84634081531794 -6.196639809431919),106.84634081531794,-6.196639809431919
Jr Data Scientist,Amar Bank,,https://www.linkedin.com/jobs/search/?currentJobId=3834486264&distance=25&geoId=102478259&keywords=Data%20Scientist&origin=JOB_SEARCH_PAGE_KEYWORD_HISTORY&refresh=true&start=125,On-Site,Full-Time,Jakarta,POINT (106.84634081531794 -6.196639809431919),106.84634081531794,-6.196639809431919
Data Analyst,Newlab+ Group,"Analytical Skills, Dashboard Building, Data Analysis, Data Analytics, Data Visualization, Excel Dashboards, Microsoft Excel, Microsoft Power BI, SQL, VBA Excel, and Visualization",https://www.linkedin.com/jobs/search/?currentJobId=4006593216&distance=25&geoId=102478259&keywords=Data%20Scientist&origin=JOB_SEARCH_PAGE_KEYWORD_HISTORY&refresh=true&start=125,On-Site,Full-Time,Jakarta,POINT (106.84634081531794 -6.196639809431919),106.84634081531794,-6.196639809431919
Health Analyst,Tarumanagara Foundation,"Biochemistry, Biology, Communication, Healthcare Analytics, Laboratory Information Management System (LIMS), Laboratory Skills, Laboratory Techniques, Microbiology, Microscopes, Molecular Biology, and Pathology",https://www.linkedin.com/jobs/search/?currentJobId=3999658505&distance=25&geoId=102478259&keywords=Data%20Scientist&origin=JOB_SEARCH_PAGE_KEYWORD_HISTORY&refresh=true&start=125,On-Site,Full-Time,Jakarta,POINT (106.84634081531794 -6.196639809431919),106.84634081531794,-6.196639809431919
Data Scientist,PT ITSEC Asia Tbk,,https://www.linkedin.com/jobs/search/?currentJobId=4000479605&distance=25&geoId=102478259&keywords=Data%20Scientist&origin=JOB_SEARCH_PAGE_KEYWORD_HISTORY&refresh=true&start=125,Hybrid,Full-Time,Jakarta,POINT (106.84634081531794 -6.196639809431919),106.84634081531794,-6.196639809431919
Data Analyst,Astek,,https://www.linkedin.com/jobs/search/?currentJobId=4012436555&distance=25&geoId=102478259&keywords=Data%20Scientist&origin=JOB_SEARCH_PAGE_KEYWORD_HISTORY&refresh=true&start=125,Hybrid,Full-Time,Jakarta,POINT (106.84634081531794 -6.196639809431919),106.84634081531794,-6.196639809431919
Data Scientist,SQE (S-Quantum Engine),"Data Science, Presentation Skills, Problem Solving, PyTorch, Python (Programming Language), R (Programming Language), SQL, Scikit-Learn, Statistical Modeling, Tableau, and TensorFlow",https://www.linkedin.com/jobs/search/?currentJobId=4013937462&distance=25&geoId=102478259&keywords=Data%20Scientist&origin=JOB_SEARCH_PAGE_KEYWORD_HISTORY&refresh=true&start=125,Hybrid,Full-Time,Jakarta,POINT (106.84634081531794 -6.196639809431919),106.84634081531794,-6.196639809431919
Artificial Intelligence Engineer,Crossover,,https://www.linkedin.com/jobs/search/?currentJobId=4017083220&distance=25&geoId=102478259&keywords=Data%20Scientist&origin=JOB_SEARCH_PAGE_KEYWORD_HISTORY&refresh=true&start=125,Remote,Full-Time,Medan,POINT (98.68321206097782 3.5929316017216393),98.68321206097782,3.5929316017216393
Chubb Life  IT Data Warehouse,Chubb Life,,https://www.linkedin.com/jobs/search/?currentJobId=3984556665&distance=25&geoId=102478259&keywords=Data%20Scientist&origin=JOB_SEARCH_PAGE_KEYWORD_HISTORY&refresh=true&start=125,On-Site,Full-Time,Jakarta,POINT (106.84634081531794 -6.196639809431919),106.84634081531794,-6.196639809431919
Full Stack Engineer,Crossover,,https://www.linkedin.com/jobs/search/?currentJobId=4017077387&distance=25&geoId=102478259&keywords=Data%20Scientist&origin=JOB_SEARCH_PAGE_KEYWORD_HISTORY&refresh=true&start=125,Remote,Full-Time,Malang,POINT (112.65 -7.98),112.65,-7.98
Data Partner Monetization,PT. Indosat Tbk,,https://www.linkedin.com/jobs/search/?currentJobId=3996412847&distance=25&geoId=102478259&keywords=Data%20Scientist&origin=JOB_SEARCH_PAGE_KEYWORD_HISTORY&refresh=true&start=125,On-Site,Full-Time,Jakarta,POINT (106.84634081531794 -6.196639809431919),106.84634081531794,-6.196639809431919
Data Analyst,Funding Societies | Modalku Group,,https://www.linkedin.com/jobs/search/?currentJobId=4004163088&distance=25&geoId=102478259&keywords=Data%20Scientist&origin=JOB_SEARCH_PAGE_KEYWORD_HISTORY&refresh=true&start=125,Hybrid,Full-Time,Jakarta,POINT (106.84634081531794 -6.196639809431919),106.84634081531794,-6.196639809431919
Data Scientist,DKATALIS,,https://www.linkedin.com/jobs/search/?currentJobId=3997205605&distance=25&geoId=102478259&keywords=Data%20Scientist&origin=JOB_SEARCH_PAGE_KEYWORD_HISTORY&refresh=true&start=125,Hybrid,Full-Time,Jakarta,POINT (106.84634081531794 -6.196639809431919),106.84634081531794,-6.196639809431919
Data Scientist,Hyppies.com,,https://www.linkedin.com/jobs/search/?currentJobId=3999268945&distance=25&geoId=102478259&keywords=Data%20Scientist&origin=JOB_SEARCH_PAGE_KEYWORD_HISTORY&refresh=true&start=150,Hybrid,Full-Time,Jakarta,POINT (106.84634081531794 -6.196639809431919),106.84634081531794,-6.196639809431919
Autonomous Vehicle Perception Engineer,Mitra Informatika,,https://www.linkedin.com/jobs/search/?currentJobId=3919417880&distance=25&geoId=102478259&keywords=Data%20Scientist&origin=JOB_SEARCH_PAGE_KEYWORD_HISTORY&refresh=true&start=150,On-Site,Full-Time,Surabaya,POINT (112.740515 -7.244582),112.740515,-7.244582
Crypto Data Scientist / Machine Learning Engineer,Token Metrics,,https://www.linkedin.com/jobs/search/?currentJobId=3922049925&distance=25&geoId=102478259&keywords=Data%20Scientist&origin=JOB_SEARCH_PAGE_KEYWORD_HISTORY&refresh=true&start=150,Remote,Full-Time,Jakarta,POINT (106.84634081531794 -6.196639809431919),106.84634081531794,-6.196639809431919
Data Engineer,Lancesoft Indonesia,"Amazon Web Services (AWS), Docker Products, Python (Programming Language), SQL, and Software Development Life Cycle (SDLC)",https://www.linkedin.com/jobs/search/?currentJobId=3979555386&distance=25&geoId=102478259&keywords=Data%20Scientist&origin=JOB_SEARCH_PAGE_KEYWORD_HISTORY&refresh=true&start=150,On-Site,Contract,Jakarta,POINT (106.84634081531794 -6.196639809431919),106.84634081531794,-6.196639809431919
Core Data Architect,AIA Indonesia,"Azure Data Factory, Azure Data Lake, Azure Databricks, Big Data, Data Architecture, Data Warehouse Architecture, ETL Tools, Extract, Transform, Load (ETL), and Microsoft Azure",https://www.linkedin.com/jobs/search/?currentJobId=4001665019&distance=25&geoId=102478259&keywords=Data%20Scientist&origin=JOB_SEARCH_PAGE_KEYWORD_HISTORY&refresh=true&start=150,On-Site,Full-Time,Jakarta,POINT (106.84634081531794 -6.196639809431919),106.84634081531794,-6.196639809431919
Machine Learning Engineer  LLM,YO HR Consultancy,,https://www.linkedin.com/jobs/search/?currentJobId=4008149709&distance=25&geoId=102478259&keywords=Data%20Scientist&origin=JOB_SEARCH_PAGE_KEYWORD_HISTORY&refresh=true&start=150,Remote,Contract,Indonesia,POINT (117.343188 -0.878596),117.343188,-0.878596
Principal Data Engineer and Analytics,Kredivo Group,,https://www.linkedin.com/jobs/search/?currentJobId=4004128616&distance=25&geoId=102478259&keywords=Data%20Scientist&origin=JOB_SEARCH_PAGE_KEYWORD_HISTORY&refresh=true&start=150,Hybrid,Full-Time,Jakarta,POINT (106.84634081531794 -6.196639809431919),106.84634081531794,-6.196639809431919
Machine Learning Engineer,PT. EIKON Technology,,https://www.linkedin.com/jobs/search/?currentJobId=3958921542&distance=25&geoId=102478259&keywords=Data%20Scientist&origin=JOB_SEARCH_PAGE_KEYWORD_HISTORY&refresh=true&start=150,On-Site,Full-Time,Jakarta,POINT (106.84634081531794 -6.196639809431919),106.84634081531794,-6.196639809431919
Data/Platform Network Engineer,Wolkk.,"Amazon Web Services (AWS), Bash, Google Cloud Platform (GCP), Linux, Microsoft Azure, and Python (Programming Language)",https://www.linkedin.com/jobs/search/?currentJobId=4015197004&distance=25&geoId=102478259&keywords=Data%20Scientist&origin=JOB_SEARCH_PAGE_KEYWORD_HISTORY&refresh=true&start=150,Remote,Contract,Indonesia,POINT (117.343188 -0.878596),117.343188,-0.878596
Full Stack Engineer,Crossover,,https://www.linkedin.com/jobs/search/?currentJobId=4017081634&distance=25&geoId=102478259&keywords=Data%20Scientist&origin=JOB_SEARCH_PAGE_KEYWORD_HISTORY&refresh=true&start=150,Remote,Full-Time,Yogyakarta,POINT (110.36450235280027 -7.800954474217425),110.36450235280027,-7.800954474217425
Data Scientist,Nikel,,https://www.linkedin.com/jobs/search/?currentJobId=3999416283&distance=25&geoId=102478259&keywords=Data%20Scientist&origin=JOB_SEARCH_PAGE_KEYWORD_HISTORY&refresh=true&start=150,On-Site,Full-Time,Jakarta,POINT (106.84634081531794 -6.196639809431919),106.84634081531794,-6.196639809431919
Python Data Scientist/Analyst  LLM Project,YO HR Consultancy,,https://www.linkedin.com/jobs/search/?currentJobId=3949893368&distance=25&geoId=102478259&keywords=Data%20Scientist&origin=JOB_SEARCH_PAGE_KEYWORD_HISTORY&refresh=true&start=150,Remote,Contract,Indonesia,POINT (117.343188 -0.878596),117.343188,-0.878596
Python Data Scientist/Analyst  LLM Project,YO HR Consultancy,,https://www.linkedin.com/jobs/search/?currentJobId=3949893368&distance=25&geoId=102478259&keywords=Data%20Scientist&origin=JOB_SEARCH_PAGE_KEYWORD_HISTORY&refresh=true&start=150,Remote,Contract,Indonesia,POINT (117.343188 -0.878596),117.343188,-0.878596
Data Engineer,Aliz,,https://www.linkedin.com/jobs/search/?currentJobId=4008407794&distance=25&geoId=102478259&keywords=Data%20Scientist&origin=JOB_SEARCH_PAGE_KEYWORD_HISTORY&refresh=true&start=150,Hybrid,Full-Time,Jakarta,POINT (106.84634081531794 -6.196639809431919),106.84634081531794,-6.196639809431919
Deputy  of Data Management & Analytics,ABeam Consulting Indonesia,,https://www.linkedin.com/jobs/search/?currentJobId=3909641055&distance=25&geoId=102478259&keywords=Data%20Scientist&origin=JOB_SEARCH_PAGE_KEYWORD_HISTORY&refresh=true&start=150,On-Site,Full-Time,Jakarta,POINT (106.84634081531794 -6.196639809431919),106.84634081531794,-6.196639809431919
Data Scientist,Staffinc Group,,https://www.linkedin.com/jobs/search/?currentJobId=3983197532&distance=25&geoId=102478259&keywords=Data%20Scientist&origin=JOB_SEARCH_PAGE_KEYWORD_HISTORY&refresh=true&start=150,On-Site,Contract,Jakarta,POINT (106.84634081531794 -6.196639809431919),106.84634081531794,-6.196639809431919
Machine Learning Scientist,Hyppies.com,,https://www.linkedin.com/jobs/search/?currentJobId=4002420130&distance=25&geoId=102478259&keywords=Data%20Scientist&origin=JOB_SEARCH_PAGE_KEYWORD_HISTORY&refresh=true&start=175,Hybrid,Full-Time,Jakarta,POINT (106.84634081531794 -6.196639809431919),106.84634081531794,-6.196639809431919
Data Scientist,PT. Inovasi Anak Indonesia - PARKEE,,https://www.linkedin.com/jobs/search/?currentJobId=3980335817&distance=25&geoId=102478259&keywords=Data%20Scientist&origin=JOB_SEARCH_PAGE_KEYWORD_HISTORY&refresh=true&start=175,On-Site,Contract,Jakarta,POINT (106.84634081531794 -6.196639809431919),106.84634081531794,-6.196639809431919
Data Scientist,HAUD,,https://www.linkedin.com/jobs/search/?currentJobId=3924249768&distance=25&geoId=102478259&keywords=Data%20Scientist&origin=JOB_SEARCH_PAGE_KEYWORD_HISTORY&refresh=true&start=175,Hybrid,Full-Time,Jakarta,POINT (106.84634081531794 -6.196639809431919),106.84634081531794,-6.196639809431919
L2 SOC Analyst,Wolkk.,"Crowdstrike Falcon, Identity and Access Management (IAM), Microsoft Defender, and Security Incident Response",https://www.linkedin.com/jobs/search/?currentJobId=4017688485&distance=25&geoId=102478259&keywords=Data%20Scientist&origin=JOB_SEARCH_PAGE_KEYWORD_HISTORY&refresh=true&start=175,Remote,Contract,Indonesia,POINT (117.343188 -0.878596),117.343188,-0.878596
Business Intelligence,SawitPRO,,https://www.linkedin.com/jobs/search/?currentJobId=4000210746&distance=25&geoId=102478259&keywords=Data%20Scientist&origin=JOB_SEARCH_PAGE_KEYWORD_HISTORY&refresh=true&start=175,On-Site,Full-Time,Jakarta,POINT (106.84634081531794 -6.196639809431919),106.84634081531794,-6.196639809431919
Software Engineering,Crossover,,https://www.linkedin.com/jobs/search/?currentJobId=4017076602&distance=25&geoId=102478259&keywords=Data%20Scientist&origin=JOB_SEARCH_PAGE_KEYWORD_HISTORY&refresh=true&start=175,Remote,Full-Time,Jakarta,POINT (106.84634081531794 -6.196639809431919),106.84634081531794,-6.196639809431919
/ Staff Data Scientist,Agoda,"Computer Vision, Data Engineering, Data Science, Image Processing, Natural Language Processing (NLP), Pattern Recognition, PySpark, Recommender Systems, Scala, and Statistics",https://www.linkedin.com/jobs/search/?currentJobId=3736663953&distance=25&geoId=102478259&keywords=Data%20Scientist&origin=JOB_SEARCH_PAGE_KEYWORD_HISTORY&refresh=true&start=175,Hybrid,Full-Time,Bandung,POINT (107.608800 -6.899350),107.6088,-6.89935
Data Science,Universitas Bunda Mulia,"Analytical Skills, Data Analytics, Data Science, Machine Learning, Skill Development, Teaching, and University Lecturing",https://www.linkedin.com/jobs/search/?currentJobId=3917518314&distance=25&geoId=102478259&keywords=Data%20Scientist&origin=JOB_SEARCH_PAGE_KEYWORD_HISTORY&refresh=true&start=175,On-Site,Full-Time,Tangerang,POINT (106.65 -6.15),106.65,-6.15
Data Analyst,Alegrium,,https://www.linkedin.com/jobs/search/?currentJobId=4012135043&distance=25&geoId=102478259&keywords=Data%20Scientist&origin=JOB_SEARCH_PAGE_KEYWORD_HISTORY&refresh=true&start=175,On-Site,Full-Time,Jakarta,POINT (106.84634081531794 -6.196639809431919),106.84634081531794,-6.196639809431919
Ecommerce Data Analyst,Riwaya,"Analytical Skills, Data Analysis, Data Analytics, Data Modeling, Data Visualization, Databases, Extract, Transform, Load (ETL), Google Data Studio, Marketing Data Analysis, Problem Solving, SQL, and Statistics",https://www.linkedin.com/jobs/search/?currentJobId=4018561678&distance=25&geoId=102478259&keywords=Data%20Scientist&origin=JOB_SEARCH_PAGE_KEYWORD_HISTORY&refresh=true&start=175,Remote,Contract,Indonesia,POINT (117.343188 -0.878596),117.343188,-0.878596
Software Engineer,Crossover,,https://www.linkedin.com/jobs/search/?currentJobId=4017077988&distance=25&geoId=102478259&keywords=Data%20Scientist&origin=JOB_SEARCH_PAGE_KEYWORD_HISTORY&refresh=true&start=175,Remote,Full-Time,Malang,POINT (112.65 -7.98),112.65,-7.98
Data Science,,,https://www.linkedin.com/jobs/search/?currentJobId=4000477728&distance=25&geoId=102478259&keywords=Data%20Scientist&origin=JOB_SEARCH_PAGE_KEYWORD_HISTORY&refresh=true&start=175,On-Site,Full-Time,Jakarta,POINT (106.84634081531794 -6.196639809431919),106.84634081531794,-6.196639809431919
Data Engineer,PT. Intikom Berlian Mustika,,https://www.linkedin.com/jobs/search/?currentJobId=4017110715&distance=25&geoId=102478259&keywords=Data%20Scientist&origin=JOB_SEARCH_PAGE_KEYWORD_HISTORY&refresh=true&start=175,On-Site,Contract,Jakarta,POINT (106.84634081531794 -6.196639809431919),106.84634081531794,-6.196639809431919
Sr. Data Analyst,ASTRO,,https://www.linkedin.com/jobs/search/?currentJobId=3934460567&distance=25&geoId=102478259&keywords=Data%20Scientist&origin=JOB_SEARCH_PAGE_KEYWORD_HISTORY&refresh=true&start=200,Remote,Full-Time,Indonesia,POINT (117.343188 -0.878596),117.343188,-0.878596
Data Product Management   Sea Labs,Shopee,,https://www.linkedin.com/jobs/search/?currentJobId=3981849731&distance=25&geoId=102478259&keywords=Data%20Scientist&origin=JOB_SEARCH_PAGE_KEYWORD_HISTORY&refresh=true&start=200,On-Site,Full-Time,Jakarta,POINT (106.84634081531794 -6.196639809431919),106.84634081531794,-6.196639809431919
Artificial Intelligence & Data  ID,Deloitte,,https://www.linkedin.com/jobs/search/?currentJobId=4017142618&distance=25&geoId=102478259&keywords=Data%20Scientist&origin=JOB_SEARCH_PAGE_KEYWORD_HISTORY&refresh=true&start=200,On-Site,Full-Time,Jakarta,POINT (106.84634081531794 -6.196639809431919),106.84634081531794,-6.196639809431919
Data Analytics,Prakerja,,https://www.linkedin.com/jobs/search/?currentJobId=4004144821&distance=25&geoId=102478259&keywords=Data%20Scientist&origin=JOB_SEARCH_PAGE_KEYWORD_HISTORY&refresh=true&start=200,On-Site,Full-Time,Jakarta,POINT (106.84634081531794 -6.196639809431919),106.84634081531794,-6.196639809431919
Data Scientist / Analytics,Nikel,,https://www.linkedin.com/jobs/search/?currentJobId=3909546171&distance=25&geoId=102478259&keywords=Data%20Scientist&origin=JOB_SEARCH_PAGE_KEYWORD_HISTORY&refresh=true&start=200,On-Site,Full-Time,Jakarta,POINT (106.84634081531794 -6.196639809431919),106.84634081531794,-6.196639809431919
District Data Associate for TB ICF/ACF,Management Sciences for Health,,https://www.linkedin.com/jobs/search/?currentJobId=3964079763&distance=25&geoId=102478259&keywords=Data%20Scientist&origin=JOB_SEARCH_PAGE_KEYWORD_HISTORY&refresh=true&start=200,On-Site,Full-Time,Jawa Timur,POINT (113.807338 -7.828644),113.807338,-7.828644
AI,Dikshatek Indonesia,,https://www.linkedin.com/jobs/search/?currentJobId=3736943377&distance=25&geoId=102478259&keywords=Data%20Scientist&origin=JOB_SEARCH_PAGE_KEYWORD_HISTORY&refresh=true&start=200,On-Site,Full-Time,Surabaya,POINT (112.740515 -7.244582),112.740515,-7.244582
Machine Learning Engineer,PT Terampil Online Pratama,"Natrual Language Processing, Machine Learning, Feature Extraction, Evaluate Model, Collaboration",https://www.linkedin.com/jobs/search/?currentJobId=3997376133&distance=25&geoId=102478259&keywords=Data%20Scientist&origin=JOB_SEARCH_PAGE_KEYWORD_HISTORY&refresh=true&start=225,On-Site,Full-Time,Jakarta,POINT (106.84634081531794 -6.196639809431919),106.84634081531794,-6.196639809431919
Data Scientist   Bandung,Purwadhika Digital Technology School,"Data Science, Machine Learning, Python (Programming Language), and SQL",https://www.linkedin.com/jobs/search/?currentJobId=4016466287&distance=25&geoId=102478259&keywords=Data%20Scientist&origin=JOB_SEARCH_PAGE_KEYWORD_HISTORY&refresh=true&start=225,On-Site,Full-Time,Bandung,POINT (107.608800 -6.899350),107.6088,-6.89935
Data Engineer,PT 360 Teknologi Indonesia,,https://www.linkedin.com/jobs/search/?currentJobId=4016494329&distance=25&geoId=102478259&keywords=Data%20Scientist&origin=JOB_SEARCH_PAGE_KEYWORD_HISTORY&refresh=true&start=225,Hybrid,Contract,Jakarta,POINT (106.84634081531794 -6.196639809431919),106.84634081531794,-6.196639809431919
Data Scientist,Akar Inti Data,,https://www.linkedin.com/jobs/search/?currentJobId=3970152632&distance=25&geoId=102478259&keywords=Data%20Scientist&origin=JOB_SEARCH_PAGE_KEYWORD_HISTORY&refresh=true&start=225,Hybrid,Full-Time,Jakarta,POINT (106.84634081531794 -6.196639809431919),106.84634081531794,-6.196639809431919
Sr Data Scientist,Amar Bank,,https://www.linkedin.com/jobs/search/?currentJobId=3834482838&distance=25&geoId=102478259&keywords=Data%20Scientist&origin=JOB_SEARCH_PAGE_KEYWORD_HISTORY&refresh=true&start=225,On-Site,Full-Time,Jakarta,POINT (106.84634081531794 -6.196639809431919),106.84634081531794,-6.196639809431919
Data Scientist,NorthBay Solutions,,https://www.linkedin.com/jobs/search/?currentJobId=3821057556&distance=25&geoId=102478259&keywords=Data%20Scientist&origin=JOB_SEARCH_PAGE_KEYWORD_HISTORY&refresh=true&start=225,On-Site,Full-Time,Jakarta,POINT (106.84634081531794 -6.196639809431919),106.84634081531794,-6.196639809431919
Data Engineer,"Dealls – Jobs, CV & Mentoring",,https://www.linkedin.com/jobs/search/?currentJobId=4009761836&distance=25&geoId=102478259&keywords=Data%20Scientist&origin=JOB_SEARCH_PAGE_KEYWORD_HISTORY&refresh=true&start=225,Remote,Contract,Indonesia,POINT (117.343188 -0.878596),117.343188,-0.878596
Data Scientist,byOrange,,https://www.linkedin.com/jobs/search/?currentJobId=3787773447&distance=25&geoId=102478259&keywords=Data%20Scientist&origin=JOB_SEARCH_PAGE_KEYWORD_HISTORY&refresh=true&start=225,On-Site,Full-Time,Jakarta,POINT (106.84634081531794 -6.196639809431919),106.84634081531794,-6.196639809431919
Data Scientist,Integrity Asia,,https://www.linkedin.com/jobs/search/?currentJobId=3998275390&distance=25&geoId=102478259&keywords=Data%20Scientist&origin=JOB_SEARCH_PAGE_KEYWORD_HISTORY&refresh=true&start=225,On-Site,Full-Time,Jakarta,POINT (106.84634081531794 -6.196639809431919),106.84634081531794,-6.196639809431919
Data Engineer,iZeno,"Analytics, Big Data, Data Analytics, Data Engineering, Data Warehousing, Java, Linux, MySQL, Python (Programming Language), SQL, and Snowflake",https://www.linkedin.com/jobs/search/?currentJobId=4008393311&distance=25&geoId=102478259&keywords=Data%20Scientist&origin=JOB_SEARCH_PAGE_KEYWORD_HISTORY&refresh=true&start=225,On-Site,Full-Time,Jakarta,POINT (106.84634081531794 -6.196639809431919),106.84634081531794,-6.196639809431919
Crypto Data Scientist / Machine Learning Engineer,Jobs via eFinancialCareers,,https://www.linkedin.com/jobs/search/?currentJobId=3964155556&distance=25&geoId=102478259&keywords=Data%20Scientist&origin=JOB_SEARCH_PAGE_KEYWORD_HISTORY&refresh=true&start=225,On-Site,Full-Time,Jakarta,POINT (106.84634081531794 -6.196639809431919),106.84634081531794,-6.196639809431919
Data Center Engineer,PT Lion Super Indo,"Active Directory, Data Centers, High Availability (HA), Information Technology, Microsoft Exchange, Microsoft Products, Operating Systems, Red Hat Linux, Replication (Computing), SAP Products, and Server Management",https://www.linkedin.com/jobs/search/?currentJobId=4008370672&distance=25&geoId=102478259&keywords=Data%20Scientist&origin=JOB_SEARCH_PAGE_KEYWORD_HISTORY&refresh=true&start=225,On-Site,Full-Time,Jakarta,POINT (106.84634081531794 -6.196639809431919),106.84634081531794,-6.196639809431919
Middle Data Scientist,PT. Neural Technologies Indonesia,,https://www.linkedin.com/jobs/search/?currentJobId=4010239080&distance=25&geoId=102478259&keywords=Data%20Scientist&origin=JOB_SEARCH_PAGE_KEYWORD_HISTORY&refresh=true&start=225,On-Site,Full-Time,Jakarta,POINT (106.84634081531794 -6.196639809431919),106.84634081531794,-6.196639809431919
Data Scientist,WeNetwork,,https://www.linkedin.com/jobs/search/?currentJobId=4006969081&distance=25&geoId=102478259&keywords=Data%20Scientist&origin=JOB_SEARCH_PAGE_KEYWORD_HISTORY&refresh=true&start=225,On-Site,Full-Time,Jakarta,POINT (106.84634081531794 -6.196639809431919),106.84634081531794,-6.196639809431919
Data Scientist  Risk Platform,Cermati.com,,https://www.linkedin.com/jobs/search/?currentJobId=3767576333&distance=25&geoId=102478259&keywords=Data%20Scientist&origin=JOB_SEARCH_PAGE_KEYWORD_HISTORY&refresh=true&start=225,On-Site,Full-Time,Jakarta,POINT (106.84634081531794 -6.196639809431919),106.84634081531794,-6.196639809431919
Security Engineer  Blue Team,Flip,"Burp Suite, Cybersecurity, Ethical Hacking, Firewalls, GPEN, Metasploit, OSCP, Python (Programming Language), Security Information and Event Management (SIEM), and Vulnerability Assessment",https://www.linkedin.com/jobs/search/?currentJobId=4004277562&distance=25&geoId=102478259&keywords=Data%20Scientist&origin=JOB_SEARCH_PAGE_KEYWORD_HISTORY&refresh=true&start=225,Hybrid,Full-Time,Jakarta,POINT (106.84634081531794 -6.196639809431919),106.84634081531794,-6.196639809431919
Data Scientist,Pt. Inovasi Anak Indonesia,,https://www.linkedin.com/jobs/search/?currentJobId=4012934266&distance=25&geoId=102478259&keywords=Data%20Scientist&origin=JOB_SEARCH_PAGE_KEYWORD_HISTORY&refresh=true&start=250,On-Site,Full-Time,Jakarta,POINT (106.84634081531794 -6.196639809431919),106.84634081531794,-6.196639809431919
Crypto Data Engineer,Token Metrics,,https://www.linkedin.com/jobs/search/?currentJobId=3976883779&distance=25&geoId=102478259&keywords=Data%20Scientist&origin=JOB_SEARCH_PAGE_KEYWORD_HISTORY&refresh=true&start=250,Remote,Full-Time,Jakarta,POINT (106.84634081531794 -6.196639809431919),106.84634081531794,-6.196639809431919
Data Analyst,SQE (S-Quantum Engine),"Analytical Skills, Applied Mathematics, Data Analysis, Data Analytics, Mathematics Education, SQL, and Visualization",https://www.linkedin.com/jobs/search/?currentJobId=4013933868&distance=25&geoId=102478259&keywords=Data%20Scientist&origin=JOB_SEARCH_PAGE_KEYWORD_HISTORY&refresh=true&start=250,Hybrid,Full-Time,Jakarta,POINT (106.84634081531794 -6.196639809431919),106.84634081531794,-6.196639809431919
Data Scientist,Talent Insider,,https://www.linkedin.com/jobs/search/?currentJobId=4000433002&distance=25&geoId=102478259&keywords=Data%20Scientist&origin=JOB_SEARCH_PAGE_KEYWORD_HISTORY&refresh=true&start=250,On-Site,Full-Time,Jakarta,POINT (106.84634081531794 -6.196639809431919),106.84634081531794,-6.196639809431919
Principal Data Scientist,Talent Insider,,https://www.linkedin.com/jobs/search/?currentJobId=3996465698&distance=25&geoId=102478259&keywords=Data%20Scientist&origin=JOB_SEARCH_PAGE_KEYWORD_HISTORY&refresh=true&start=250,On-Site,Full-Time,Jakarta,POINT (106.84634081531794 -6.196639809431919),106.84634081531794,-6.196639809431919
Sr Data Scientist,JULO,,https://www.linkedin.com/jobs/search/?currentJobId=3779650849&distance=25&geoId=102478259&keywords=Data%20Scientist&origin=JOB_SEARCH_PAGE_KEYWORD_HISTORY&refresh=true&start=250,Hybrid,Full-Time,Jakarta,POINT (106.84634081531794 -6.196639809431919),106.84634081531794,-6.196639809431919
Data Engineer,Funding Societies | Modalku Group,,https://www.linkedin.com/jobs/search/?currentJobId=4008264464&distance=25&geoId=102478259&keywords=Data%20Scientist&origin=JOB_SEARCH_PAGE_KEYWORD_HISTORY&refresh=true&start=275,Remote,Full-Time,Jakarta,POINT (106.84634081531794 -6.196639809431919),106.84634081531794,-6.196639809431919
Data Engineer Academic,Alterra Indonesia,,https://www.linkedin.com/jobs/search/?currentJobId=3831153449&distance=25&geoId=102478259&keywords=Data%20Scientist&origin=JOB_SEARCH_PAGE_KEYWORD_HISTORY&refresh=true&start=275,On-Site,Full-Time,Jakarta,POINT (106.84634081531794 -6.196639809431919),106.84634081531794,-6.196639809431919
Artificial Intelligence Engineer,Talent Insider,,https://www.linkedin.com/jobs/search/?currentJobId=3978987277&distance=25&geoId=102478259&keywords=Data%20Scientist&origin=JOB_SEARCH_PAGE_KEYWORD_HISTORY&refresh=true&start=300,On-Site,Full-Time,Jakarta,POINT (106.84634081531794 -6.196639809431919),106.84634081531794,-6.196639809431919
Data Engineer,Esha Param Technologist,"Apache Spark, Data Analysis, Data Analytics, Data Engineering, Data Marts, Data Science, Data Warehousing, Databases, Extract, Transform, Load (ETL), and OLAP Cubes",https://www.linkedin.com/jobs/search/?currentJobId=4017510683&distance=25&geoId=102478259&keywords=Data%20Scientist&origin=JOB_SEARCH_PAGE_KEYWORD_HISTORY&refresh=true&start=300,On-Site,Contract,Jakarta,POINT (106.84634081531794 -6.196639809431919),106.84634081531794,-6.196639809431919
Data Engineer,Aliz,"Cloud Computing, Data Pipelines, Data Warehousing, English, Google Cloud Platform (GCP), Java, Presales, Python (Programming Language), SQL, and Technical Leadership",https://www.linkedin.com/jobs/search/?currentJobId=3994132976&distance=25&geoId=102478259&keywords=Data%20Scientist&origin=JOB_SEARCH_PAGE_KEYWORD_HISTORY&refresh=true&start=300,Hybrid,Full-Time,Jakarta,POINT (106.84634081531794 -6.196639809431919),106.84634081531794,-6.196639809431919
Data Engineer,Esha Parama Technologys,,https://www.linkedin.com/jobs/search/?currentJobId=4016445800&distance=25&geoId=102478259&keywords=Data%20Scientist&origin=JOB_SEARCH_PAGE_KEYWORD_HISTORY&refresh=true&start=300,On-Site,Contract,Jakarta,POINT (106.84634081531794 -6.196639809431919),106.84634081531794,-6.196639809431919
Data Science,Agoda,,https://www.linkedin.com/jobs/search/?currentJobId=3999947973&distance=25&geoId=102478259&keywords=Data%20Scientist&origin=JOB_SEARCH_PAGE_KEYWORD_HISTORY&refresh=true&start=325,Hybrid,Full-Time,Jakarta,POINT (106.84634081531794 -6.196639809431919),106.84634081531794,-6.196639809431919
Data Analyst,Traveloka,,https://www.linkedin.com/jobs/search/?currentJobId=3909114927&distance=25&geoId=102478259&keywords=Data%20Scientist&origin=JOB_SEARCH_PAGE_KEYWORD_HISTORY&refresh=true&start=325,On-Site,Full-Time,Jakarta,POINT (106.84634081531794 -6.196639809431919),106.84634081531794,-6.196639809431919
Product Analyst  Platform,Traveloka,,https://www.linkedin.com/jobs/search/?currentJobId=3987458559&distance=25&geoId=102478259&keywords=Data%20Scientist&origin=JOB_SEARCH_PAGE_KEYWORD_HISTORY&refresh=true&start=325,On-Site,Full-Time,Jakarta,POINT (106.84634081531794 -6.196639809431919),106.84634081531794,-6.196639809431919
Fraud Analytics  Business Intelligence & Planning,Shopee,,https://www.linkedin.com/jobs/search/?currentJobId=3769712613&distance=25&geoId=102478259&keywords=Data%20Scientist&origin=JOB_SEARCH_PAGE_KEYWORD_HISTORY&refresh=true&start=325,On-Site,Full-Time,Jakarta,POINT (106.84634081531794 -6.196639809431919),106.84634081531794,-6.196639809431919
Social Media Analyst,SuperApp (YC W18),,https://www.linkedin.com/jobs/search/?currentJobId=4020979323&distance=25&geoId=102478259&keywords=Data%20Scientist&origin=JOB_SEARCH_PAGE_KEYWORD_HISTORY&refresh=true&start=325,Hybrid,Full-Time,Tangerang,POINT (106.65 -6.15),106.65,-6.15
Software Engineer  Data Science Platform,GoTo Group,,https://www.linkedin.com/jobs/search/?currentJobId=3953973245&distance=25&geoId=102478259&keywords=Data%20Scientist&origin=JOB_SEARCH_PAGE_KEYWORD_HISTORY&refresh=true&start=325,On-Site,Full-Time,Jakarta,POINT (106.84634081531794 -6.196639809431919),106.84634081531794,-6.196639809431919
of Actuarial Individual Pricing & Data Analytics,GREAT EASTERN,,https://www.linkedin.com/jobs/search/?currentJobId=4016497102&distance=25&geoId=102478259&keywords=Data%20Scientist&origin=JOB_SEARCH_PAGE_KEYWORD_HISTORY&refresh=true&start=325,On-Site,Full-Time,Jakarta,POINT (106.84634081531794 -6.196639809431919),106.84634081531794,-6.196639809431919
Data Analytics,ABeam Consulting Indonesia,,https://www.linkedin.com/jobs/search/?currentJobId=4016370549&distance=25&geoId=102478259&keywords=Data%20Scientist&origin=JOB_SEARCH_PAGE_KEYWORD_HISTORY&refresh=true&start=325,On-Site,Full-Time,Jakarta,POINT (106.84634081531794 -6.196639809431919),106.84634081531794,-6.196639809431919
Data Analyst,Traveloka,,https://www.linkedin.com/jobs/search/?currentJobId=3909115863&distance=25&geoId=102478259&keywords=Data%20Scientist&origin=JOB_SEARCH_PAGE_KEYWORD_HISTORY&refresh=true&start=325,On-Site,Full-Time,Jakarta,POINT (106.84634081531794 -6.196639809431919),106.84634081531794,-6.196639809431919
Data Analytics,EY,,https://www.linkedin.com/jobs/search/?currentJobId=3967808110&distance=25&geoId=102478259&keywords=Data%20Scientist&origin=JOB_SEARCH_PAGE_KEYWORD_HISTORY&refresh=true&start=350,On-Site,Full-Time,Jakarta,POINT (106.84634081531794 -6.196639809431919),106.84634081531794,-6.196639809431919
Data Engineer Academic,Alterra Indonesia,,https://www.linkedin.com/jobs/search/?currentJobId=3831147902&distance=25&geoId=102478259&keywords=Data%20Scientist&origin=JOB_SEARCH_PAGE_KEYWORD_HISTORY&refresh=true&start=375,On-Site,Full-Time,Jakarta,POINT (106.84634081531794 -6.196639809431919),106.84634081531794,-6.196639809431919
Data Science,Talent Insider,,https://www.linkedin.com/jobs/search/?currentJobId=4002808833&distance=25&geoId=102478259&keywords=Data%20Scientist&origin=JOB_SEARCH_PAGE_KEYWORD_HISTORY&refresh=true&start=375,On-Site,Full-Time,Jakarta,POINT (106.84634081531794 -6.196639809431919),106.84634081531794,-6.196639809431919
Machine Learning,JULO,,https://www.linkedin.com/jobs/search/?currentJobId=3779656542&distance=25&geoId=102478259&keywords=Data%20Scientist&origin=JOB_SEARCH_PAGE_KEYWORD_HISTORY&refresh=true&start=375,Hybrid,Full-Time,Jakarta,POINT (106.84634081531794 -6.196639809431919),106.84634081531794,-6.196639809431919
Data Analyst,Bolt,"A/B Testing, Business Insights, Data Analysis, Data Analytics, Hypothesis Testing, Marketing, Marketing Mix Modeling, SQL, and Statistics",https://www.linkedin.com/jobs/search/?currentJobId=4016174570&distance=25&geoId=102478259&keywords=Data%20Scientist&origin=JOB_SEARCH_PAGE_KEYWORD_HISTORY&refresh=true&start=400,On-Site,Full-Time,Jakarta,POINT (106.84634081531794 -6.196639809431919),106.84634081531794,-6.196639809431919
